{
  "label_metrics": {
    "amota": {
      "bicycle": 0.0,
      "bus": 0.08388518121909808,
      "car": 0.13392976650084348,
      "motorcycle": 0.0,
      "pedestrian": 0.019321789287565092,
      "trailer": 0.009384858044164038,
      "truck": 0.0
    },
    "amotp": {
      "bicycle": 2.0,
      "bus": 1.5461263935880614,
      "car": 1.3224932087030545,
      "motorcycle": 1.9284293265198624,
      "pedestrian": 1.7833467314323173,
      "trailer": 1.6820116925281727,
      "truck": 1.5692973149606029
    },
    "recall": {
      "bicycle": 0.0,
      "bus": 0.23011363636363635,
      "car": 0.27191042063206267,
      "motorcycle": 0.20384420839656045,
      "pedestrian": 0.1615859654643433,
      "trailer": 0.13402061855670103,
      "truck": 0.5941968911917098
    },
    "motar": {
      "bicycle": 0.0,
      "bus": 0.6225165562913908,
      "car": 0.6827072108642704,
      "motorcycle": 0.0,
      "pedestrian": 0.5190023752969122,
      "trailer": 0.3753943217665615,
      "truck": 0.0
    },
    "gt": {
      "bicycle": 1993.0,
      "bus": 2112.0,
      "car": 58317.0,
      "motorcycle": 1977.0,
      "pedestrian": 25423.0,
      "trailer": 2425.0,
      "truck": 9650.0
    },
    "mota": {
      "bicycle": 0.0,
      "bus": 0.1335227272727273,
      "car": 0.1586158410069105,
      "motorcycle": 0.0,
      "pedestrian": 0.06875663769028051,
      "trailer": 0.04907216494845357,
      "truck": 0.0
    },
    "motp": {
      "bicycle": 2.0,
      "bus": 0.6445724914993393,
      "car": 0.4026271911332714,
      "motorcycle": 0.565336308851499,
      "pedestrian": 0.5105659815918095,
      "trailer": 0.7653181386387098,
      "truck": 0.7230433376511765
    },
    "mt": {
      "bicycle": 0.0,
      "bus": 10.0,
      "car": 220.0,
      "motorcycle": 3.0,
      "pedestrian": 38.0,
      "trailer": 7.0,
      "truck": 151.0
    },
    "ml": {
      "bicycle": 156.0,
      "bus": 73.0,
      "car": 2548.0,
      "motorcycle": 88.0,
      "pedestrian": 1350.0,
      "trailer": 116.0,
      "truck": 134.0
    },
    "faf": {
      "bicycle": 500.0,
      "bus": 10.884786760025461,
      "car": 75.0261780104712,
      "motorcycle": 46.25850340136054,
      "pedestrian": 37.569573283859,
      "trailer": 20.20408163265306,
      "truck": 503.975058456742
    },
    "tp": {
      "bicycle": 0.0,
      "bus": 453.0,
      "car": 13549.0,
      "motorcycle": 264.0,
      "pedestrian": 3368.0,
      "trailer": 317.0,
      "truck": 3683.0
    },
    "fp": {
      "bicycle": NaN,
      "bus": 171.0,
      "car": 4299.0,
      "motorcycle": 748.0,
      "pedestrian": 1620.0,
      "trailer": 198.0,
      "truck": 25864.0
    },
    "fn": {
      "bicycle": 1993.0,
      "bus": 1626.0,
      "car": 42460.0,
      "motorcycle": 1574.0,
      "pedestrian": 21315.0,
      "trailer": 2100.0,
      "truck": 3916.0
    },
    "ids": {
      "bicycle": NaN,
      "bus": 33.0,
      "car": 2308.0,
      "motorcycle": 139.0,
      "pedestrian": 740.0,
      "trailer": 8.0,
      "truck": 2051.0
    },
    "frag": {
      "bicycle": NaN,
      "bus": 33.0,
      "car": 865.0,
      "motorcycle": 79.0,
      "pedestrian": 341.0,
      "trailer": 5.0,
      "truck": 555.0
    },
    "tid": {
      "bicycle": 20.0,
      "bus": 2.78,
      "car": 2.8148364485981308,
      "motorcycle": 2.328358208955224,
      "pedestrian": 1.962655601659751,
      "trailer": 3.403225806451613,
      "truck": 0.936542669584245
    },
    "lgd": {
      "bicycle": 20.0,
      "bus": 4.43,
      "car": 4.25,
      "motorcycle": 4.08955223880597,
      "pedestrian": 5.504840940525588,
      "trailer": 6.354838709677419,
      "truck": 2.25054704595186
    }
  },
  "eval_time": 20736.096113681793,
  "cfg": {
    "tracking_names": [
      "bicycle",
      "bus",
      "car",
      "motorcycle",
      "pedestrian",
      "trailer",
      "truck"
    ],
    "pretty_tracking_names": {
      "bicycle": "Bicycle",
      "bus": "Bus",
      "car": "Car",
      "motorcycle": "Motorcycle",
      "pedestrian": "Pedestrian",
      "trailer": "Trailer",
      "truck": "Truck"
    },
    "tracking_colors": {
      "bicycle": "C9",
      "bus": "C2",
      "car": "C0",
      "motorcycle": "C6",
      "pedestrian": "C5",
      "trailer": "C3",
      "truck": "C1"
    },
    "class_range": {
      "car": 50,
      "truck": 50,
      "bus": 50,
      "trailer": 50,
      "pedestrian": 40,
      "motorcycle": 40,
      "bicycle": 40
    },
    "dist_fcn": "center_distance",
    "dist_th_tp": 2.0,
    "min_recall": 0.1,
    "max_boxes_per_sample": 500,
    "metric_worst": {
      "amota": 0.0,
      "amotp": 2.0,
      "recall": 0.0,
      "motar": 0.0,
      "mota": 0.0,
      "motp": 2.0,
      "mt": 0.0,
      "ml": -1.0,
      "faf": 500,
      "gt": -1,
      "tp": 0.0,
      "fp": -1.0,
      "fn": -1.0,
      "ids": -1.0,
      "frag": -1.0,
      "tid": 20,
      "lgd": 20
    },
    "num_thresholds": 40
  },
  "amota": 0.03521737072166724,
  "amotp": 1.6902435239617242,
  "recall": 0.22795310580071623,
  "motar": 0.31423149488844787,
  "gt": 14556.714285714286,
  "mota": 0.058566767274053126,
  "motp": 0.8016376356236865,
  "mt": 429.0,
  "ml": 4465.0,
  "faf": 170.55974022073016,
  "tp": 21634.0,
  "fp": 32900.0,
  "fn": 74984.0,
  "ids": 5279.0,
  "frag": 1878.0,
  "tid": 4.889374105035565,
  "lgd": 6.697111276422977,
  "meta": {
    "use_radar": false,
    "use_external": false,
    "use_lidar": true,
    "use_map": false,
    "use_camera": false
  }
}